Category,Name,Link
"AI Chat Girlfriend (text/img)","my intimate app","https://myintimate.app/"
"AI Chat Girlfriend (text/img)","joi ai girlfriend","https://joiaigirlfriend.com/"
"AI Chat Girlfriend (text/img)","paradot ai","https://paradot.ai/"
"AI Chat Girlfriend (text/img)","alphazria","https://alphazria.com/"
"AI Chat Girlfriend (text/img)","getidol","https://getidol.com/"
"AI Face Swap (img/vid)","remaker ai","https://remaker.ai/"
"AI Face Swap (img/vid)","pica ai","https://www.pica-ai.com/"
"AI Face Swap (img/vid)","aifaceswap io","https://aifaceswap.io/"
"AI Face Swap (img/vid)","miocreate","https://www.miocreate.com/face-swap.html"
"AI Face Swap (img/vid)","deepfakesweb","https://deepfakesweb.com/"
"AI Face Swap (img/vid)","faceswapper ai","https://faceswapper.ai/"
"AI Face Swap (img/vid)","vidwud","https://www.vidwud.com/"
"AI Face Swap (img/vid)","reface ai","https://reface.ai/"
"AI Face Swap (img/vid)","deepswap ai","https://www.deepswap.ai/"
"AI Undress Deepnude (img)","undress cc","https://undress.cc/"
"AI Undress Deepnude (img)","get nude app","https://getnude.app/"
"AI Undress Deepnude (img)","nudefusion","https://nudefusion.com/en"
"AI Undress Deepnude (img)","porngen art","https://porngen.art/"
"AI Undress Deepnude (img)","nubee ai","https://nubee.ai/"
"AI Undress Deepnude (img)","muke ai","https://muke.ai/"
"AI Undress Deepnude (img)","undress love","https://undress.love/"
"AI Undress Deepnude (img)","nudify me","https://www.nudify.me/"
"AI Undress Deepnude (img)","deepnudes co","https://deepnudes.co/"
"AI Undress Deepnude (img)","makenude","https://makenude.ai/"
"AI Undress Deepnude (img)","nudify her","https://nudify-her.com/"
"AI Undress Deepnude (img)","undress ai tool","http://www.undressaitool.com"
"AI Undress Deepnude (img)","porngen review undress","https://porngen.art/undress-ai/"
"AI Undress Deepnude (img)","undress vip","https://undress.vip/"
"AI Undress Deepnude (img)","deepnude online","https://deep-nude.online/"
"AI Porn (Img)","dessi co","https://dessi.co/"
